Particle size,SSA,Age,Mw,LogKow,pKa2,Solubility,MP concentration,Temperature,pH,logKl
150,0.2341,0,253.28,0.79,5.7,610,2.5,25,,2.772101569
28,,1,361.368,-0.39,7.9,,1,25,,-1.397505931
48,,1,361.368,-0.39,7.9,,1,25,,-1.815592515
75,20.1,1,361.368,-0.39,7.9,,1,25,,-2.164943898
250,,1,361.368,-0.39,7.9,,1,25,,-2.732828272
590,,1,361.368,-0.39,7.9,,1,25,,-2.950781977
28,,1,361.37,-0.4,8.15,3230,1,25,,-1.394910538
48,,1,361.37,-0.4,8.15,3230,1,25,,-1.869344651
75,20.1,1,361.37,-0.4,8.15,3230,1,25,,-2.250263684
250,,1,361.37,-0.4,8.15,3230,1,25,,-2.896196279
590,,1,361.37,-0.4,8.15,3230,1,25,,-2.123782159
74,3.85,0,478.88,-0.62,7.4,,2,25,7,0.064457989
74,1.12,0,478.88,-0.62,7.4,,2,25,7,-0.281498311
74,0.401,1,419.46,0.87,7.4,3430,2,25,7,-1.093664958
,0.1145,1,460.343,-1.22,7.5,,2,25,5.5,-0.823908741
,0.1253,0,460.343,-1.22,7.5,,2,25,5.5,-1
0.3,,1,444.44,-1.37,7.7,1690,0.2,25,6,-2.519993057
125,0.263,0,444.44,-1.37,7.7,1690,2,25,,-0.866461092
125,0.263,0,444.44,-1.37,7.7,1690,2,35,,-0.946921557
125,0.263,0,444.44,-1.37,7.7,1690,2,45,,-0.966576245
125,0.263,0,444.44,-1.37,7.7,1690,2,25,,-0.866461092
1,,1,361.368,-0.39,7.9,,0.5,15,,-0.159893906
1,,1,361.368,-0.39,7.9,,0.5,25,,-0.501689446
1,,1,361.368,-0.39,7.9,,0.5,45,,-0.841637508
25,0.621,1,319.33,0.46,8.8,400,5,15,7,-0.684029655
25,0.621,1,319.33,0.46,8.8,400,5,25,7,-0.68613278
25,0.621,1,319.33,0.46,8.8,400,5,35,7,-0.886056648
25,2.27,1,319.33,0.46,8.8,400,5,15,7,-1.060480747
25,2.27,1,319.33,0.46,8.8,400,5,25,7,-1.180456064
25,2.27,1,319.33,0.46,8.8,400,5,35,7,-1.27572413
25,0.265,1,319.33,0.46,8.8,400,5,15,7,-1.387216143
25,0.265,1,319.33,0.46,8.8,400,5,25,7,-1.698970004
25,0.265,1,319.33,0.46,8.8,400,5,35,7,-1.346787486
200,0.543,1,460.343,-1.22,7.5,,3.3,25,,-0.863279433
200,0.7573,0,460.343,-1.22,7.5,,3.3,25,,-1.15490196
200,0.543,1,460.343,-1.22,7.5,,3.3,25,,-0.488116639
200,0.7573,0,460.343,-1.22,7.5,,3.3,25,,-0.193820026
100,0.744,1,460.343,-1.22,7.5,,4.4,25,6.8,-0.671620397
100,0.744,1,319.33,0.46,8.8,400,4.4,25,6.8,-0.879426069
100,0.628,1,460.343,-1.22,7.5,,4.4,25,6.8,-1.13667714
100,0.628,1,319.33,0.46,8.8,400,4.4,25,6.8,-1.102372909
45,2.2,1,444.45,-1.37,7.7,1690,1,25,5,1.164947373
90,0.709,1,419.46,0.87,7.4,3430,1,25,7,-1.167491087
75,0.075,1,419.46,0.87,7.4,3430,1,25,7,-1.552841969
75,0.142,1,419.46,0.87,7.4,3430,1,25,7,-1.318758763
50,0.311,1,419.46,0.87,7.4,3430,1,25,7,-1.387216143
90,0.709,1,311.35,1.32,6.1,19440,1,25,7,-1.318758763
75,0.075,1,311.35,1.32,6.1,19440,1,25,7,-1.292429824
75,0.142,1,311.35,1.32,6.1,19440,1,25,7,-1.319936573
50,0.311,1,311.35,1.32,6.1,19440,1,25,7,-1.102372909
125,,1,331.341,1.32,6.1,19440,0.4,25,,0.029079259
125,,1,290.3212,0.91,6.8,400,0.4,25,,-0.258848401
160,,1,331.341,1.32,6.1,19440,0.4,25,,0.217704983
160,,1,290.3212,0.91,6.8,400,0.4,25,,-1.013676223
75,,1,331.341,1.32,6.1,19440,0.4,25,,-0.0786205
75,,1,290.3212,0.91,6.8,400,0.4,25,,0.164352856
125,,1,290.3212,0.91,6.8,400,0.4,25,,-0.328827157
160,,1,331.341,1.32,6.1,19440,0.4,25,,-1.02200219
160,,1,290.3212,0.91,6.8,400,0.4,25,,-0.946921557
160,,1,444.44,-1.37,7.7,1690,0.4,25,,-0.818156412
0.2,,1,331.341,0.28,6.1,19440,0.1,25,7,1.916137983
0.5,,1,331.341,0.28,6.1,19440,0.1,25,7,1.346744055
100,,1,267.304,10.23,4.71,,4,25,2,-2.728158393
100,,1,255.317,1.12,7.07,,4,25,2,-2.329754147
100,,1,280.303,5.01,5.96,,4,25,2,-2.11577123
100,,1,280.303,5.01,5.91,,4,25,2,-1.998266287
100,,1,250.28,0.813,6.28,67.13,4,25,2,-2.779891912
100,,1,187.22,1.38,7.42,,4,25,2,-1.516270101
100,,1,284.72,2.04,5.4,,4,25,4,-2.540607512
100,,1,280.303,5.01,5.96,,4,25,4,-2.621602099
100,,1,280.3,2.57,6.5,,4,25,4,-1.980468315
100,,1,250.28,0.813,6.28,67.13,4,25,4,-2.116906641
100,,1,267.304,10.23,4.71,,4,25,6,-1.315513708
100,,1,214.242,0.11,5.38,,4,25,6,-2.928117993
100,,1,284.72,2.04,5.4,,4,25,6,-1.229368872
100,,1,255.317,1.12,7.07,,4,25,6,-1.968995719
100,,1,280.303,5.01,5.96,,4,25,6,-1.768785352
100,,1,280.303,5.01,5.91,,4,25,6,-2.756961951
100,,1,310.33,5.01,6.01,,4,25,6,-1.805763251
100,,1,250.28,0.813,6.28,67.13,4,25,6,-2.41453927
100,,1,267.304,10.23,4.71,,4,25,6,-1.249723085
100,,1,214.242,0.11,5.38,,4,25,6,-2.364516253
100,,1,284.72,2.04,5.4,,4,25,6,-2.101823517
100,,1,255.317,1.12,7.07,,4,25,7,-1.753994096
100,,1,280.303,5.01,5.96,,4,25,7,-2.110138279
100,,1,280.303,5.01,5.91,,4,25,7,-2.860120914
100,,1,280.3,2.57,6.5,,4,25,7,-1.786747948
100,,1,310.33,5.01,6.01,,4,25,7,-1.604149624
100,,1,250.28,0.813,6.28,67.13,4,25,7,-1.665546249
100,,1,187.22,1.38,7.42,,4,25,7,-2.643974143
100,,1,267.304,10.23,4.71,,4,25,8,-1.882728704
100,,1,214.242,0.11,5.38,,4,25,8,-1.74860515
100,,1,284.72,2.04,5.4,,4,25,8,-1.850780887
100,,1,280.3,2.57,6.5,,4,25,8,-1.960189446
100,,1,284.72,2.04,5.4,,4,25,10,-2.223298816
100,,1,255.317,1.12,7.07,,4,25,10,-2.372634143
100,,1,280.303,5.01,5.91,,4,25,10,-2.19314197
,0.47,1,444.44,-1.37,7.7,1690,5,25,,-0.76700389
,0.98,0,444.44,-1.37,7.7,1690,5,25,,-0.935542011
,2.79,0,444.44,-1.37,7.7,1690,5,25,,-0.735182177
,0.17,1,444.44,-1.37,7.7,1690,5,25,,-1.004803708
,1.01,0,444.44,-1.37,7.7,1690,5,25,,-1.053056729
,2.56,0,444.44,-1.37,7.7,1690,5,25,,-0.661543506
,0.47,1,444.44,-1.37,7.7,1690,5,25,,-0.823908741
,0.98,0,444.44,-1.37,7.7,1690,5,25,,-0.876148359
,2.79,0,444.44,-1.37,7.7,1690,5,25,,-0.728158393
,0.17,1,444.44,-1.37,7.7,1690,5,25,,-0.910094889
,1.01,0,444.44,-1.37,7.7,1690,5,25,,-0.995678626
,2.56,0,444.44,-1.37,7.7,1690,5,25,,-0.634512015
,0.0454,0,478.88,-0.62,7.4,,10,25,5,-1.454692884
,0.0454,0,444.44,-1.37,7.7,1690,10,25,5,-1.394694954
,0.0454,0,460.343,-1.22,7.7,,10,25,5,-1.455931956
,,1,331.341,0.28,6.1,19440,1,25,7,-0.876148359
,,0,331.341,0.28,6.1,19440,1,25,7,-0.876148359
,,0,331.341,0.28,6.1,19440,1,25,7,-1.026872146
,,0,331.341,0.28,6.1,19440,1,25,7,-1.193820026
45,,0,331.341,0.28,6.1,19440,0.5,25,,-1.045757491
58,,0,331.341,0.28,6.1,19440,0.5,25,,-1.045757491
150,,0,331.341,0.28,6.1,19440,0.5,25,,-1.045757491
550,,0,331.341,0.28,6.1,19440,0.5,25,,-1.045757491
,,1,331.341,0.28,6.1,19440,0.5,25,,-1.744727495
,,0,331.341,0.28,6.1,19440,0.5,25,,-1.045757491
7.7,7.48,0,290.3212,0.91,6.8,400,,25,,-1.522878745
7.7,7.48,0,290.3212,0.91,6.8,400,,25,,-1.301029996
7.7,7.48,0,290.3212,0.91,6.8,400,,25,,-0.739451627
65.1,0.0416,1,264.3,0.8,6.99,1500,,,,0.045714059
143.8,0.0022,0,264.3,0.8,6.99,1500,,,,0.382917135
20,0.2674,0,253.28,0.89,6.16,610,,,,-0.002613616
90,0.0256,0,253.28,0.89,6.16,610,,,,-0.521433504
150,0.0223,1,264.3,0.8,6.99,1500,,,,0.229425848
90,0.0256,0,264.3,0.8,6.99,1500,,,,-0.026410377
100,0.6978,1,331.341,0.28,6.1,19440,5,35,7,-0.339419088
100,0.6978,1,331.341,0.28,6.1,19440,5,25,7,-0.624153564
100,0.6978,1,331.341,0.28,6.1,19440,5,15,7,-0.737786295
100,1.0016,0,331.341,0.28,6.1,19440,5,35,7,-0.876148359
100,1.0016,0,331.341,0.28,6.1,19440,5,25,7,-2.337242168
100,1.0016,0,331.341,0.28,6.1,19440,5,15,7,-0.377061031
100,1.7915,1,331.341,0.28,6.1,19440,5,35,7,-1.853871964
100,1.7915,1,331.341,0.28,6.1,19440,5,25,7,-0.369673845
100,1.7915,1,331.341,0.28,6.1,19440,5,15,7,-0.053351266
100,4.2525,0,331.341,0.28,6.1,19440,5,35,7,-1.024568191
100,4.2525,0,331.341,0.28,6.1,19440,5,25,7,-0.605548319
100,4.2525,0,331.341,0.28,6.1,19440,5,15,7,-0.431798276
0.08005,79.92,0,444.44,-1.37,7.7,1690,0.5,20,,-1.045757491
0.08005,79.92,0,444.44,-1.37,7.7,1690,0.5,20,,-1
0.08005,79.92,0,444.44,-1.37,7.7,1690,0.5,20,,-1.522878745
0.08005,79.92,0,444.44,-1.37,7.7,1690,0.5,20,,-1.096910013
0.08005,79.92,0,444.44,-1.37,7.7,1690,0.5,20,,-1.045757491
0.07996,49.52,0,444.44,-1.37,7.7,1690,0.5,20,,-0.585026652
0.07996,49.52,0,444.44,-1.37,7.7,1690,0.5,20,,0
0.07996,49.52,0,444.44,-1.37,7.7,1690,0.5,20,,-0.387216143
0.07996,49.52,0,444.44,-1.37,7.7,1690,0.5,20,,-0.769551079
0.07996,86.363,0,444.44,-1.37,7.7,1690,0.5,20,,-1.15490196
0.08605,86.363,0,444.44,-1.37,7.7,1690,0.5,20,,-0.167491087
0.08605,86.363,0,444.44,-1.37,7.7,1690,0.5,20,,-1.698970004
0.08605,86.363,0,444.44,-1.37,7.7,1690,0.5,20,,-2
75,0.2354,1,444.44,-1.37,7.7,1690,5,25,5.8,0.294466226
75,0.2354,1,444.44,-1.37,7.7,1690,5,25,5.8,-0.806875402
75,0.7762,0,444.44,-1.37,7.7,1690,5,25,5.8,-0.93930216
75,0.7762,0,444.44,-1.37,7.7,1690,5,25,5.8,-0.638272164
155.98,0.0628,1,250.28,0.813,6.28,67.13,10,25,6,-1.213603539
90,13.61,1,264.3078,0.14,7.35,202,10,25,7,-0.369572125
90,13.61,1,253.2809,0.89,5.7,610,10,25,7,-0.247951552
90,13.61,1,290.3212,0.91,7.45,400,10,25,7,0.311753861
90,13.61,1,361.3675,-0.2,7.94,0.39,10,25,7,-0.213248578
90,13.61,1,261.2508,1.6,,2190,10,25,7,-0.302770657
90,13.61,1,747.9571,3.16,8.99,0.342,10,25,7,0.253095586
90,13.61,1,837.0465,3,,202,10,25,7,0.043362278
,10.89,0,361.3675,-0.2,7.94,0.39,10,25,7,-2.522878745
,10.89,0,747.9571,3.16,8.99,0.342,10,25,7,-3
,10.89,0,837.0465,3,,202,10,25,7,-3
,1.02,0,264.3078,0.14,7.35,202,10,25,7,-0.266000713
,1.02,0,253.2809,0.89,5.7,610,10,25,7,-0.684029655
,1.02,0,290.3212,0.91,7.45,400,10,25,7,-0.12090412
,1.02,0,361.3675,-0.2,7.94,0.39,10,25,7,0.444513206
,1.02,0,261.2508,1.6,,2190,10,25,7,0.708760724
,1.02,0,747.9571,3.16,8.99,0.342,10,25,7,0.804480189
,1.02,0,837.0465,3,,202,10,25,7,0.054613055
151,1.27,1,264.3078,0.14,7.35,202,10,25,7,-0.121478204
151,1.27,1,253.2809,0.89,5.7,610,10,25,7,-0.671620397
151,1.27,1,290.3212,0.91,7.45,400,10,25,7,-0.253365801
151,1.27,1,361.3675,-0.2,7.94,0.39,10,25,7,0.071513805
151,1.27,1,261.2508,1.6,,2190,10,25,7,-0.156767222
151,1.27,1,747.9571,3.16,8.99,0.342,10,25,7,0.253095586
151,1.27,1,837.0465,3,,202,10,25,7,-0.444905551
,2.45,0,264.3078,0.14,7.35,202,10,25,7,-0.402304814
,2.45,0,253.2809,0.89,5.7,610,10,25,7,-1.060480747
,2.45,0,290.3212,0.91,7.45,400,10,25,7,-0.155522824
,2.45,0,361.3675,-0.2,7.94,0.39,10,25,7,-0.787812396
,2.45,0,261.2508,1.6,,2190,10,25,7,-0.460923901
,2.45,0,747.9571,3.16,8.99,0.342,10,25,7,-0.621602099
,2.45,0,837.0465,3,,202,10,25,7,-0.559090918
,0.71,0,264.3078,0.14,7.35,202,10,25,7,1.366236124
,0.71,0,253.2809,0.89,5.7,610,10,25,7,-0.133122186
,0.71,0,290.3212,0.91,7.45,400,10,25,7,-0.348721986
,0.71,0,361.3675,-0.2,7.94,0.39,10,25,7,-0.280668713
,0.71,0,261.2508,1.6,,2190,10,25,7,0.08170727
,0.71,0,747.9571,3.16,8.99,0.342,10,25,7,0.041787319
,0.71,0,837.0465,3,,202,10,25,7,-0.798602876
228,0.16,1,264.3078,0.14,7.35,202,10,25,7,-0.01278077
228,0.16,1,253.2809,0.89,5.7,610,10,25,7,-0.749579998
228,0.16,1,290.3212,0.91,7.45,400,10,25,7,-0.391473966
228,0.16,1,361.3675,-0.2,7.94,0.39,10,25,7,-0.480172006
228,0.16,1,261.2508,1.6,,2190,10,25,7,-0.590066877
228,0.16,1,747.9571,3.16,8.99,0.342,10,25,7,0.611829479
228,0.16,1,837.0465,3,,202,10,25,7,-0.8569852
,1.26,0,264.3078,0.14,7.35,202,10,25,7,-0.077793723
,1.26,0,253.2809,0.89,5.7,610,10,25,7,-0.045757491
,1.26,0,290.3212,0.91,7.45,400,10,25,7,-0.253365801
,1.26,0,361.3675,-0.2,7.94,0.39,10,25,7,0.071513805
,1.26,0,261.2508,1.6,,2190,10,25,7,-0.156767222
,1.26,0,747.9571,3.16,8.99,0.342,10,25,7,0.253095586
,1.26,0,837.0465,3,,202,10,25,7,-0.444905551
,4.74,0,264.3078,0.14,7.35,202,10,25,7,-0.57024772
,4.74,0,253.2809,0.89,5.7,610,10,25,7,-0.112945622
,4.74,0,290.3212,0.91,7.45,400,10,25,7,-0.088309841
,4.74,0,361.3675,-0.2,7.94,0.39,10,25,7,-0.101823517
,4.74,0,261.2508,1.6,,2190,10,25,7,-0.344861565
,4.74,0,747.9571,3.16,8.99,0.342,10,25,7,-0.21395879
,4.74,0,837.0465,3,,202,10,25,7,-0.588380294
45.37,1.25,1,444.44,-1.37,7.7,1690,,25,4,-1.292429824
62.33,1.33,0,444.44,-1.37,7.7,1690,,25,4,-1.619788758
150,,1,253.28,0.89,5.57,610,5,25,,-1.903089987
250,2.87,0,253.28,0.89,5.8,610,1,,,-1.619788758
230,2.48,0,253.28,0.89,5.8,610,1,,,-1.522878745
250,2.5,0,253.28,0.89,5.8,610,1,,,-1.698970004
300,2.22,0,253.28,0.89,5.8,610,1,,,-1.602059991
200,1.15,0,253.28,0.89,5.8,610,1,,,-1.397940009
3,,0,916.1,1.63,7.5,,,25,3,-0.954364129
74,,1,367.802,1.32,6.1,19440,0.2,25,,-1.297569464
74,,0,367.802,1.32,6.1,19440,0.2,25,,-0.316052869
74,,1,367.802,1.32,6.1,19440,0.2,25,,-0.91721463
74,,0,367.802,1.32,6.1,19440,0.2,25,,-0.504455662
74,,1,367.802,1.32,6.1,19440,0.2,25,,-1.308918508
74,,0,367.802,1.32,6.1,19440,0.2,25,,-0.316952962
100,0.23,1,444.44,-1.37,7.7,1690,5,25,,-0.602059991
100,0.35,0,444.44,-1.37,7.7,1690,5,25,,-0.886056648
100,0.76,0,444.44,-1.37,7.7,1690,5,25,,-0.327902142
100,1.16,0,444.44,-1.37,7.7,1690,5,25,,-0.236572006
100,0.23,1,444.44,-1.37,7.7,1690,5,25,,-0.638272164
100,0.35,0,444.44,-1.37,7.7,1690,5,25,,-0.721246399
100,0.76,0,444.44,-1.37,7.7,1690,5,25,,-0.397940009
100,1.16,0,444.44,-1.37,7.7,1690,5,25,,-0.602059991
50,,0,331.341,0.28,6.1,19440,0.5,25,7,-2.045757491
100,,0,331.341,0.28,6.1,19440,0.5,25,7,-1.251811973
150,0.2341,0,331.341,0.28,6.1,19440,0.5,25,7,-3
325,,1,444.44,-1.37,7.7,1690,6.67,25,7,-0.226140448
325,,0,444.44,-1.37,7.7,1690,6.67,25,7,0.192818257
325,,0,444.44,-1.37,7.7,1690,6.67,25,7,-0.441531437
325,,1,444.44,-1.37,7.7,1690,6.67,25,7,-0.054826954
325,,0,444.44,-1.37,7.7,1690,6.67,25,7,0.089940418
325,,0,444.44,-1.37,7.7,1690,6.67,25,7,-0.696372024
200,0.294,1,319.33,0.46,8.8,400,2,20,7,-0.596879479
101.6,0.772,1,444.44,-1.37,7.7,1690,1,25,7,-1.619788758
101.6,,0,444.44,-1.37,7.7,1690,1,25,7,-0.819587367
101.6,,0,444.44,-1.37,7.7,1690,1,25,7,-0.84375381
101.6,,0,444.44,-1.37,7.7,1690,1,25,7,-1.055517328
101.6,1.1177,0,444.44,-1.37,7.7,1690,1,25,7,-1.250263684
101.6,1.6028,1,444.44,-1.37,7.7,1690,1,25,7,-2.026872146
101.6,,0,444.44,-1.37,7.7,1690,1,25,7,-0.982966661
101.6,,0,444.44,-1.37,7.7,1690,1,25,7,-0.924818145
101.6,,0,444.44,-1.37,7.7,1690,1,25,7,-0.968995719
101.6,1.9418,0,444.44,-1.37,7.7,1690,1,25,7,-0.973875483
75,0.1478,1,253.28,0.89,5.7,610,2,25,7,-1.097453221
75,0.1375,0,253.28,0.89,5.7,610,2,25,7,-0.990974258
75,0.1599,0,253.28,0.89,5.7,610,2,25,7,-0.695509472
75,0.1566,0,253.28,0.89,5.7,610,2,25,7,-1.493494968
175,28.561,1,444.44,-1.37,7.7,1690,6.67,25,7,0.101540873
175,35.286,0,444.44,-1.37,7.7,1690,6.67,25,7,0.173273701
175,36.36,0,444.44,-1.37,7.7,1690,6.67,25,7,0.187661703
175,41.324,0,444.44,-1.37,7.7,1690,6.67,25,7,0.200330565
175,49.561,0,444.44,-1.37,7.7,1690,6.67,25,7,0.075984685
,0.173,1,916.1,1.63,7.5,,1.2,25,,-1.080921908
,0.348,1,916.1,1.63,7.5,,1.2,25,,-1.244125144
,0.836,1,916.1,1.63,7.5,,1.2,25,,-1.040958608
,,0,444.44,-1.37,7.7,1690,1,40,6,-2.22184875
,,0,444.44,-1.37,7.7,1690,1,25,6,-2.301029996
,,0,444.44,-1.37,7.7,1690,1,10,6,-2.397940009
,,0,444.44,-1.37,7.7,1690,1,40,6,-2.096910013
,,0,444.44,-1.37,7.7,1690,1,25,6,-2.22184875
,,0,444.44,-1.37,7.7,1690,1,10,6,-2.397940009
125,0.48,0,280.303,0.14,7.4,,2,25,,-0.091027344
0.055,19.48,0,319.33,0.8,8.8,400,0.1,25,6.5,-0.214670165
0.055,19.48,0,319.33,0.8,8.8,400,0.1,25,6.5,-0.050609993
0.055,19.48,0,361.37,-0.4,8.15,3230,0.1,25,6.5,-0.508638306
0.055,19.48,0,361.37,-0.4,8.15,3230,0.1,25,6.5,-0.48148606
0.5,,0,,,,,0.1,25,,0.482673534
0.5,,0,,,,,0.1,25,,0.179206976
0.5,,0,,,,,0.1,25,,0.42015386
75,1.295,1,319.33,0.46,8.8,400,0.5,15,7,-1.619788758
75,1.295,1,319.33,0.46,8.8,400,0.5,25,7,-1.259637311
75,1.295,1,319.33,0.46,8.8,400,0.5,35,7,-1.30980392
75,3.428,0,319.33,0.46,8.8,400,0.5,15,7,-1.229147988
75,3.428,0,319.33,0.46,8.8,400,0.5,25,7,-1.244125144
75,3.428,0,319.33,0.46,8.8,400,0.5,35,7,-1.318758763
75,1.9,1,319.33,0.46,8.8,400,0.5,15,7,-1.387216143
75,1.9,1,319.33,0.46,8.8,400,0.5,25,7,-1.327902142
75,1.9,1,319.33,0.46,8.8,400,0.5,35,7,-1.193820026
75,4.11,0,319.33,0.46,8.8,400,0.5,15,7,-1.366531544
75,4.11,0,319.33,0.46,8.8,400,0.5,25,7,-1.229147988
75,4.11,0,319.33,0.46,8.8,400,0.5,35,7,-1.236572006
75,3.528,1,319.33,0.46,8.8,400,0.5,15,7,-1.251811973
75,3.528,1,319.33,0.46,8.8,400,0.5,25,7,-1.142667504
75,3.528,1,319.33,0.46,8.8,400,0.5,35,7,-1.124938737
75,4.36,0,319.33,0.46,8.8,400,0.5,15,7,-1.180456064
75,4.36,0,319.33,0.46,8.8,400,0.5,25,7,-1.017728767
75,4.36,0,319.33,0.46,8.8,400,0.5,35,7,-1.060480747
75,13.901,1,319.33,0.46,8.8,400,0.5,15,7,-1.107905397
75,13.901,1,319.33,0.46,8.8,400,0.5,25,7,-1.031517051
75,13.901,1,319.33,0.46,8.8,400,0.5,35,7,-1.102372909
75,15.84,0,319.33,0.46,8.8,400,0.5,15,7,-0.987162775
75,15.84,0,319.33,0.46,8.8,400,0.5,25,7,-1.096910013
75,15.84,0,319.33,0.46,8.8,400,0.5,35,7,-0.8569852
150,1.941,1,444.44,-1.37,7.7,1690,1,35,,-1.055024092
150,1.941,1,444.44,-1.37,7.7,1690,1,25,,-1.037630664
150,1.941,1,444.44,-1.37,7.7,1690,1,15,,-1.108462542
150,2.653,0,444.44,-1.37,7.7,1690,1,35,,-1.11463878
150,2.653,0,444.44,-1.37,7.7,1690,1,25,,-1.183096161
150,2.653,0,444.44,-1.37,7.7,1690,1,15,,-1.27083521
0.098,67,0,319.33,0.46,8.8,400,,25,,-0.232844134
112.5,1.4,1,460.343,-1.22,7.5,,10,25,5.5,-0.649751982
112.5,1.05,0,460.343,-1.22,7.5,,10,25,5.5,-0.463441557
112.5,3.95,0,460.343,-1.22,7.5,,10,25,5.5,-1.387216143
150,0.2341,0,444.44,-1.37,7.7,1690,5,25,6.8,-0.899629455
280,0.0365,0,444.44,-1.37,7.7,1690,5,25,6.8,-1.408935393
280,0.0596,0,444.44,-1.37,7.7,1690,5,25,6.8,-1.119186408
112.5,1.24,0,444.44,-1.37,7.7,1690,0.4,25,,0.147305238
112.5,2.3,0,444.44,-1.37,7.7,1690,0.4,25,,0.126358727
112.5,1.24,0,331.341,0.28,6.1,19440,0.4,25,,0.198712057
112.5,2.3,0,331.341,0.28,6.1,19440,0.4,25,,0.12037648
125,,0,253.28,0.89,5.7,610,2,25,10,-1.218244625
125,15.806,0,253.28,0.89,5.7,610,2,25,10,-1.412289035
125,3.948,0,253.28,0.89,5.7,610,2,25,10,-0.844663963
125,,0,253.28,0.89,5.7,610,2,25,10,-0.749579998
125,6.43524,0,253.28,0.89,5.7,610,2,25,10,-0.605548319
125,2.544,1,319.33,0.46,8.8,400,5,25,,-1.899629455
125,15.826,0,319.33,0.46,8.8,400,5,25,,-2.055517328
125,3.965,1,319.33,0.46,8.8,400,5,25,,-1.677780705
125,6.488,0,319.33,0.46,8.8,400,5,25,,-1.677780705
125,3.218,1,319.33,0.46,8.8,400,5,25,,-1.420216403
125,12.306,0,319.33,0.46,8.8,400,5,25,,-1.48148606
0.0401,,1,367.802,1.32,6.1,19440,0.5,25,,-1.054531415
,,0,367.802,1.32,6.1,19440,0.5,25,,-0.120330794
30,,1,444.45,-1.37,7.7,1690,0.4,25,,0.316180099
30,0.957,0,444.45,-1.37,7.7,1690,0.4,25,,0.590395947
30,1.068,0,444.45,-1.37,7.7,1690,0.4,25,,0.660391098
30,1.347,0,444.45,-1.37,7.7,1690,0.4,25,,0.696618459
1000,0.079,0,444.44,-1.37,7.7,1690,5,25,5.5,-0.8569852
1000,0.137,0,444.44,-1.37,7.7,1690,5,25,5.5,-0.804100348
1000,0.046,0,444.44,-1.37,7.7,1690,5,25,5.5,-0.764471553
1000,0.065,0,444.44,-1.37,7.7,1690,5,25,5.5,-1.070581074
1000,0.116,0,444.44,-1.37,7.7,1690,5,25,5.5,-0.632644079
1000,0.072,0,444.44,-1.37,7.7,1690,5,25,5.5,-0.809668302
5,0.0532,0,444.44,-1.37,7.7,1690,5,25,,0.82672252
5,0.0481,0,444.44,-1.37,7.7,1690,5,25,,0.790566625
85.5,5.42,1,331.341,0.28,6.1,19440,2,25,,0.514768164
23.3,5.48,0,331.341,0.28,6.1,19440,2,25,,-0.208646253
12.2,5.99,0,331.341,0.28,6.1,19440,2,25,,-0.374091061
7.7,7.48,0,331.341,0.28,6.1,19440,2,25,,-0.360623094
500,0.0824727,1,331.341,0.28,6.1,19440,6.7,25,5.5,-2.301029996
500,0.0539636,0,331.341,0.28,6.1,19440,6.7,25,5.5,-2.15490196
500,0.227055,0,331.341,0.28,6.1,19440,6.7,25,5.5,-2.045757491
154,0.14,0,419.45,0.75,7.4,3430,1,25,,-1.987162775
1,,0,361.37,-0.4,8.15,3230,0.25,25,,-0.590066877
125,,0,361.37,-0.4,8.15,3230,0.25,25,,-0.718966633
250,,0,361.37,-0.4,8.15,3230,0.25,25,,-0.730487056
500,,0,361.37,-0.4,8.15,3230,0.25,25,,-0.761953897
69.86,8.71,0,444.44,-1.37,7.7,1690,4,25,6,-0.092051478
204.7,2.11,0,444.44,-1.37,7.7,1690,4,25,6,0.087781418
192,0.001,0,444.44,-1.37,7.7,1690,4,25,6,0.046885191
,0.017,1,480.9,,,,18,25,,-0.89279003
,0.327,0,480.9,,,,18,25,,-0.974694135
,0.467,0,480.9,,,,18,25,,-1.004364805
613.55,1.05,1,,,,,0.4,27,7,-0.801342913
138.48,3.41,0,,,,,0.4,27,7,-1.677780705
613.55,1.05,1,419.45,0.75,7.4,3430,0.4,27,7,-0.774690718
138.48,3.41,0,419.45,0.75,7.4,3430,0.4,27,7,-1.080921908
160.37,0.32,1,,,,,0.4,27,7,-1.033389013
138.53,0.86,0,,,,,0.4,27,7,-1.212539525
160.37,0.32,1,419.45,0.75,7.4,3430,0.4,27,7,-0.863279433
138.53,0.86,0,419.45,0.75,7.4,3430,0.4,27,7,-0.841637508
110,1.579,1,460.343,-1.22,7.5,,0.4,25,,-1.252588192
110,5.436,0,460.343,-1.22,7.5,,0.4,25,,-0.909389292
110,1.579,1,,,,,0.4,25,,-1.089909454
110,5.436,0,,,,,0.4,25,,-1.116906641
180,0.656,1,444.44,-1.37,7.7,1690,2,25,,-1.909036923
180,0.896,0,444.44,-1.37,7.7,1690,2,25,,-1.996108834
180,1.301,1,444.44,-1.37,7.7,1690,2,25,,-1.7780644
180,1.387,0,444.44,-1.37,7.7,1690,2,25,,-1.674279142
164.7,13.7,0,331.341,0.28,6.1,19440,2,25,6,-0.453457337
135.9,9.3,0,331.341,0.28,6.1,19440,2,25,6,-0.42945706
180,,0,331.341,0.28,6.1,19440,1,25,,-1.292429824
180,,0,331.341,0.28,6.1,19440,1,25,,-1.107905397
180,,0,331.341,0.28,6.1,19440,1,25,,-0.694648631
150,2.25,0,916.1,1.63,7.5,,1,,,-1.26760624
150,2.25,0,444.44,,7.7,1690,1,,,-1.013228266
150,1.4,0,916.1,1.63,7.5,,1,,,-1.13667714
150,1.4,0,444.44,,7.7,1690,1,,,-1.080921908
150,1.34,0,916.1,1.63,7.5,,1,,,-1.468521083
150,1.34,0,444.44,,7.7,1690,1,,,-1.036212173
,,0,319.33,0.46,8.8,400,1,25,,-0.962573502
,,0,319.33,0.46,8.8,400,1,25,,-0.838631998
,,0,319.33,0.46,8.8,400,1,25,,-0.954677021
